<?xml version="1.0" encoding="UTF-8"?>
<project-private xmlns="http://www.netbeans.org/ns/project-private/1">
    <editor-bookmarks xmlns="http://www.netbeans.org/ns/editor-bookmarks/2" lastBookmarkId="0"/>
    <open-files xmlns="http://www.netbeans.org/ns/projectui-open-files/2">
        <group>
            <file>file:/K:/CURSOS/10_FebreroMarzo2018_TUA/_Clase_01/pm/Ejemplo/Gruntfile.js</file>
            <file>file:/K:/CURSOS/10_FebreroMarzo2018_TUA/_Clase_01/pm/Ejemplo/package.json</file>
            <file>file:/K:/CURSOS/10_FebreroMarzo2018_TUA/_Clase_01/pm/Ejemplo/.bowerrc</file>
            <file>file:/K:/CURSOS/10_FebreroMarzo2018_TUA/_Clase_01/pm/Ejemplo/bower.json</file>
            <file>file:/K:/CURSOS/10_FebreroMarzo2018_TUA/_Clase_01/pm/Ejemplo/gulpfile.js</file>
            <file>file:/K:/CURSOS/10_FebreroMarzo2018_TUA/_Clase_01/pm/Ejemplo/public_html/index.html</file>
        </group>
    </open-files>
</project-private>
