<?xml version="1.0" encoding="UTF-8"?>
<project-private xmlns="http://www.netbeans.org/ns/project-private/1">
    <editor-bookmarks xmlns="http://www.netbeans.org/ns/editor-bookmarks/2" lastBookmarkId="0"/>
    <open-files xmlns="http://www.netbeans.org/ns/projectui-open-files/2">
        <group>
            <file>file:/K:/CURSOS/10_FebreroMarzo2018_TUA/_Clase_02/PM/ejercicio3/public_html/texto.txt</file>
            <file>file:/K:/CURSOS/10_FebreroMarzo2018_TUA/_Clase_02/PM/ejercicio3/package.json</file>
            <file>file:/K:/CURSOS/10_FebreroMarzo2018_TUA/_Clase_02/PM/ejercicio3/bower.json</file>
            <file>file:/K:/CURSOS/10_FebreroMarzo2018_TUA/_Clase_02/PM/ejercicio3/gulpfile.js</file>
            <file>file:/K:/CURSOS/10_FebreroMarzo2018_TUA/_Clase_02/PM/ejercicio3/Gruntfile.js</file>
            <file>file:/K:/CURSOS/10_FebreroMarzo2018_TUA/_Clase_02/PM/ejercicio3/.bowerrc</file>
            <file>file:/K:/CURSOS/10_FebreroMarzo2018_TUA/_Clase_02/PM/ejercicio3/public_html/index.html</file>
        </group>
    </open-files>
</project-private>
