<?xml version="1.0" encoding="UTF-8"?>
<project-private xmlns="http://www.netbeans.org/ns/project-private/1">
    <editor-bookmarks xmlns="http://www.netbeans.org/ns/editor-bookmarks/2" lastBookmarkId="0"/>
    <open-files xmlns="http://www.netbeans.org/ns/projectui-open-files/2">
        <group>
            <file>file:/K:/CURSOS/10_FebreroMarzo2018_TUA/_Clase_03/pm/formulario/Gruntfile.js</file>
            <file>file:/K:/CURSOS/10_FebreroMarzo2018_TUA/_Clase_03/pm/formulario/gulpfile.js</file>
            <file>file:/K:/CURSOS/10_FebreroMarzo2018_TUA/_Clase_03/pm/formulario/.bowerrc</file>
            <file>file:/K:/CURSOS/10_FebreroMarzo2018_TUA/_Clase_03/pm/formulario/package.json</file>
            <file>file:/K:/CURSOS/10_FebreroMarzo2018_TUA/_Clase_03/pm/formulario/public_html/index.html</file>
            <file>file:/K:/CURSOS/10_FebreroMarzo2018_TUA/_Clase_03/pm/formulario/bower.json</file>
        </group>
    </open-files>
</project-private>
